family,Name,latitude,longitude
Sino-Tibetan,Zhang-Zhung,31.58333333,78.41666667
Sino-Tibetan,Yi,24,104
Sino-Tibetan,Yamphu,27.58333333,87.33333333
Sino-Tibetan,Xiamen,24.5,118.1666667
Sino-Tibetan,Wu (Changzhou),31.66666667,119.9166667
Sino-Tibetan,Wambule,29.25,85.91666667
Sino-Tibetan,Tutsa,27.5,96.5
Sino-Tibetan,Tshangla,27.83333333,92.16666667
Sino-Tibetan,Tod,32.41666667,77.25
Sino-Tibetan,Tinani,32.33333333,77.16666667
Sino-Tibetan,Tibetan (Standard Spoken),30,91
Sino-Tibetan,Tibetan (Shigatse),29,89
Sino-Tibetan,Tibetan (Modern Literary),29.83333333,91.5
Sino-Tibetan,Tibetan (Drokpa),32.25,81.25
Sino-Tibetan,Tibetan (Dingri),28.5,86.5
Sino-Tibetan,Thulung,27.41666667,86.5
Sino-Tibetan,Thangmi,27.75,86
Sino-Tibetan,Thakali,29,83.75
Sino-Tibetan,Thadou,24.41666667,93.91666667
Sino-Tibetan,Tarao,24.25,94.16666667
Sino-Tibetan,Tangbe,28.91666667,83.75
Sino-Tibetan,Tamang (Eastern),27.5,85.66666667
Sino-Tibetan,Taiwanese,25,121.5
Sino-Tibetan,Spitian,32.25,78
Sino-Tibetan,Sikkimese,27.83333333,88.5
Sino-Tibetan,Shigatse,29,89
Sino-Tibetan,Sherpa,27.75,86.83333333
Sino-Tibetan,Sherdukpen,27,92.5
Sino-Tibetan,Sema,26,94.5
Sino-Tibetan,rGyalrong (Caodeng),31.66666667,101.75
Sino-Tibetan,Rawang,27.5,97.5
Sino-Tibetan,Rang Pas,30.33333333,79.33333333
Sino-Tibetan,Ralte,23.75,92.75
Sino-Tibetan,Raji,28,82.75
Sino-Tibetan,Qiang,32,102.6666667
Sino-Tibetan,Purki,34.66666667,76
Sino-Tibetan,Pumi,28,101
Sino-Tibetan,Phlong,15,99
Sino-Tibetan,Pattani,32.75,76.75
Sino-Tibetan,Paite,24,93.16666667
Sino-Tibetan,Nyishi,27.5,93.5
Sino-Tibetan,Nyamkad,32,78.5
Sino-Tibetan,Nusu,26.75,99
Sino-Tibetan,Nocte,27,95.5
Sino-Tibetan,Newari (Kathmandu),27.66666667,85.5
Sino-Tibetan,Newar (Dolakha),27.33333333,86
Sino-Tibetan,Naxi,27.5,100
Sino-Tibetan,Nar-Phu,28.66666667,84.25
Sino-Tibetan,Naga (Zeme),25.16666667,93.5
Sino-Tibetan,Naga (Tangkhul),25,94.5
Sino-Tibetan,Naga (Mao),25.5,94.33333333
Sino-Tibetan,Mizo,23.16666667,92.83333333
Sino-Tibetan,Mising,28.5,94.83333333
Sino-Tibetan,Miri (Hill):,27.91666667,93.83333333
Sino-Tibetan,Milang,28.5,95.25
Sino-Tibetan,Mikir,26.33333333,93.5
Sino-Tibetan,Miju,29,96
Sino-Tibetan,Meithei,24.75,94
Sino-Tibetan,Maru,23.5,98.5
Sino-Tibetan,Marchha,30.25,79.58333333
Sino-Tibetan,Mandarin,34,110
Sino-Tibetan,Manange,28.58333333,84
Sino-Tibetan,Magar (Syangja),28.08333333,83.83333333
Sino-Tibetan,Magar,28,83
Sino-Tibetan,Lungchang,27.5,96.41666667
Sino-Tibetan,Lotha,26.5,94.25
Sino-Tibetan,Lisu,26,98
Sino-Tibetan,Limbu,27.16666667,87.75
Sino-Tibetan,Lhomi,27.66666667,87.41666667
Sino-Tibetan,Lepcha,27.16666667,88.5
Sino-Tibetan,Lalo,25,100.25
Sino-Tibetan,Lai,22.66666667,93.66666667
Sino-Tibetan,Lahu,20,98.16666667
Sino-Tibetan,Ladakhi,34,78
Sino-Tibetan,Kyirong,28.41666667,85.33333333
Sino-Tibetan,Kunming,25,102.75
Sino-Tibetan,Kulung,27.5,87
Sino-Tibetan,Kokborok,24.33333333,92.5
Sino-Tibetan,Kinnauri,31.5,78
Sino-Tibetan,Khumi,21.91666667,92.41666667
Sino-Tibetan,Kham (Tibetan) (Nangchen),32.5,96.5
Sino-Tibetan,Kham (Dege),31.83333333,98.58333333
Sino-Tibetan,Kham,28.5,82.75
Sino-Tibetan,Khaling,27.5,86.66666667
Sino-Tibetan,Kayah Li (Eastern),19,97.5
Sino-Tibetan,Karen (Sgaw),18,97
Sino-Tibetan,Karen (Pwo),13,99.16666667
Sino-Tibetan,Karen (Bwe),19.5,97
Sino-Tibetan,Kanashi,32.08333333,77.25
Sino-Tibetan,Kachari,26.5,91
Sino-Tibetan,Kabui,24.83333333,94
Sino-Tibetan,Jugli,27.5,96.33333333
Sino-Tibetan,Jino,22,101
Sino-Tibetan,Jingpho,25.41666667,97
Sino-Tibetan,Jiarong,31.5,102
Sino-Tibetan,Jad,30.83333333,79
Sino-Tibetan,Idu,29.33333333,95.83333333
Sino-Tibetan,Hyow,22.08333333,92.41666667
Sino-Tibetan,Hokkien,25,118
Sino-Tibetan,Hmar,24.16666667,93
Sino-Tibetan,Hayu,27.25,86
Sino-Tibetan,Hani,23,103
Sino-Tibetan,Hakka,25,116
Sino-Tibetan,Gyarong (Cogtse),31.5,102
Sino-Tibetan,Gurung,28.33333333,84.33333333
Sino-Tibetan,Garo,25.66666667,90.5
Sino-Tibetan,Galo,28.16666667,94.66666667
Sino-Tibetan,Fuzhou,26,119.5
Sino-Tibetan,Dumi,27.25,86.66666667
Sino-Tibetan,Dulong,28,98.33333333
Sino-Tibetan,Dimasa,25.5,93
Sino-Tibetan,Digaro,28.41666667,96
Sino-Tibetan,Dhimal,26.66666667,87.75
Sino-Tibetan,Deuri,26,90.25
Sino-Tibetan,Darma,30,79.75
Sino-Tibetan,Chin (Tiddim),23.33333333,93.66666667
Sino-Tibetan,Chin (Siyin),23.83333333,94
Sino-Tibetan,Chin (Mara),23,93.16666667
Sino-Tibetan,Chepang,27.66666667,84.75
Sino-Tibetan,Chaudangsi,30,80.25
Sino-Tibetan,Chaozhou,23.66666667,116.6666667
Sino-Tibetan,Chantyal,28.58333333,83.41666667
Sino-Tibetan,Chang,26.33333333,94.75
Sino-Tibetan,Cantonese,23,113
Sino-Tibetan,Camling,27,86.66666667
Sino-Tibetan,Byansi,30.16666667,80.5
Sino-Tibetan,Burmese,21,96
Sino-Tibetan,Bunan,32.5,77
Sino-Tibetan,Bugun,27.5,92.58333333
Sino-Tibetan,Bori,28.33333333,94.75
Sino-Tibetan,Bokar,28.5,94.66666667
Sino-Tibetan,Bodo,26.83333333,92
Sino-Tibetan,Bisu,19.75,100
Sino-Tibetan,Belhare,26.96666667,87.3
Sino-Tibetan,Bawm,22.5,92.25
Sino-Tibetan,Baragaunle,28.83333333,83.83333333
Sino-Tibetan,Balti,35,76
Sino-Tibetan,Bai,26,100
Sino-Tibetan,Athpare,27,87.33333333
Sino-Tibetan,Arakanese (Marma),21.5,92.5
Sino-Tibetan,Apatani,27.5,93.75
Sino-Tibetan,Ao,26.58333333,94.66666667
Sino-Tibetan,Anong,27.33333333,98.75
Sino-Tibetan,Angami,25.66666667,94.5
Sino-Tibetan,Amdo (Themchen),38,98
Sino-Tibetan,Amdo,35,100
Sino-Tibetan,Akha,21.83333333,99.83333333
Sino-Tibetan,Achang,25,98.5
Saharan,Tubu,16,15
Saharan,Kanuri,12,13
Saharan,Kanembu,14,15
Saharan,Beria,16,23
Niger-Congo,Zulu (Southern),-31,30
Niger-Congo,Zulu (Northern),-28,31
Niger-Congo,Zulu,-30,30
Niger-Congo,Zande,4,26
Niger-Congo,Yoruba,8,4.333333333
Niger-Congo,Yeyi,-20,23.5
Niger-Congo,Yemba,5.416666667,10.08333333
Niger-Congo,Yao (in Malawi),-14.5,35.5
Niger-Congo,Yansi,-3.833333333,18
Niger-Congo,Yamba,6.416666667,11.08333333
Niger-Congo,Yakoma,4.416666667,18.41666667
Niger-Congo,Yaka,-7,17.5
Niger-Congo,Yag Dii,8,14
Niger-Congo,Xhosa,-32,27
Niger-Congo,Wolof,15.25,-16
Niger-Congo,Wobe,7.416666667,-7.333333333
Niger-Congo,Wéménugbé,6.666666667,2.5
Niger-Congo,Waama,10.58333333,1.666666667
Niger-Congo,Vili,-5.5,14
Niger-Congo,Venda,-22,30
Niger-Congo,Vata,5.833333333,-5.416666667
Niger-Congo,Vagla,9.416666667,-2.416666667
Niger-Congo,Urhobo,5.583333333,6
Niger-Congo,UMbundu,-12.5,15
Niger-Congo,Tupuri,10.16666667,14.75
Niger-Congo,Tunen,4.75,10.66666667
Niger-Congo,Tuki,4.583333333,11.5
Niger-Congo,Tswana,-24,26
Niger-Congo,Tsonga,-24,32
Niger-Congo,Tsogo,-1.5,11.33333333
Niger-Congo,Toussian (Win),10.83333333,-4.666666667
Niger-Congo,Toussian,11,-4.666666667
Niger-Congo,Tonga (in Zambia),-17,27
Niger-Congo,Tiv,7.5,9
Niger-Congo,Tikar,5.833333333,11.66666667
Niger-Congo,Tetela,-4,24
Niger-Congo,Tenyer,10.66666667,-4.5
Niger-Congo,Temne,8.666666667,-13.08333333
Niger-Congo,Tem,8.666666667,0.5
Niger-Congo,Teke (Southern),-2.333333333,14.5
Niger-Congo,Tarok,9,10.08333333
Niger-Congo,Tampulma,10.41666667,-0.583333333
Niger-Congo,Talinga,0.416666667,29.66666667
Niger-Congo,Tabwa,-8,29.5
Niger-Congo,Swati,-26.5,31
Niger-Congo,Swahili,-6.5,39
Niger-Congo,Supyire,11.5,-5.583333333
Niger-Congo,Sukuma,-2.833333333,32
Niger-Congo,Suku,-6,17.66666667
Niger-Congo,Subiya,-17.75,24.91666667
Niger-Congo,Sotho (Northern),-24,29
Niger-Congo,Songe,-6.833333333,22
Niger-Congo,Sisaala,10.83333333,-2.666666667
Niger-Congo,Shona,-18,31
Niger-Congo,Shambala,-4.25,38.25
Niger-Congo,Sesotho,-28,27
Niger-Congo,Sengele,-1.833333333,17.33333333
Niger-Congo,Senadi,9.5,-6.25
Niger-Congo,Sena,-18,35.25
Niger-Congo,Seme,11,-4.916666667
Niger-Congo,Sangu,-1.5,11.83333333
Niger-Congo,Sango,5,18
Niger-Congo,Samba Leko,8.5,12.5
Niger-Congo,Runyoro-Rutooro,1.5,31.33333333
Niger-Congo,Runyankore,-0.5,30.5
Niger-Congo,Rundi,-3.5,30
Niger-Congo,Ronga,-26,32.5
Niger-Congo,Rimi,-5,34.66666667
Niger-Congo,Pogoro,-8.75,36.5
Niger-Congo,Pare,-4,36.5
Niger-Congo,Pangwa,-10,34.75
Niger-Congo,Palor,14.83333333,-16.75
Niger-Congo,Oku,6.25,10.5
Niger-Congo,Ogbronuagum,4.75,6.866666667
Niger-Congo,Ogbia,4.666666667,6.25
Niger-Congo,Obolo,4.583333333,7.833333333
Niger-Congo,Nzakara,5,23
Niger-Congo,Nyiha,-10,33
Niger-Congo,Nyanga,-1.25,28.16666667
Niger-Congo,Nyamwezi,-5,33
Niger-Congo,Nyambo,-1,31.33333333
Niger-Congo,Nupe,9.166666667,5.416666667
Niger-Congo,Nuni (Northern),12.16666667,-3
Niger-Congo,Ntomba,-2,18.33333333
Niger-Congo,Nsenga,-14.5,30.83333333
Niger-Congo,Noon,14.83333333,-16.83333333
Niger-Congo,Noni,6.416666667,10.58333333
Niger-Congo,Nkore-Kiga,-0.916666667,29.83333333
Niger-Congo,Nkonya,7.166666667,0.25
Niger-Congo,Nkem,6.583333333,8.583333333
Niger-Congo,Ngoni,-11,36
Niger-Congo,Ngombe,3,23
Niger-Congo,Ngemba,6.2,10
Niger-Congo,Ngbandi,3.75,22
Niger-Congo,Ngbaka (Minagende),3.5,20
Niger-Congo,Ngbaka (Ma'bo),3.56,18.36
Niger-Congo,Neyo,5,-6
Niger-Congo,Ndut,14.91666667,-16.91666667
Niger-Congo,Ndumu,-1.666666667,13.58333333
Niger-Congo,Ndonga,-18,17
Niger-Congo,Ndogo,7.75,27
Niger-Congo,Ndebele (in South Africa),-25.33333333,29
Niger-Congo,Ncàm,9.333333333,0.666666667
Niger-Congo,Nateni,10.5,1.166666667
Niger-Congo,Nanerge,11.75,-5
Niger-Congo,Nande,-0.083333333,29.16666667
Niger-Congo,Nafaanra,8,-2.583333333
Niger-Congo,Mwera,-9,39
Niger-Congo,Munzombo,3,18.41666667
Niger-Congo,Mungaka,5.916666667,10
Niger-Congo,Mündü,4.5,30
Niger-Congo,Mundani,5.666666667,9.916666667
Niger-Congo,Mundang,9.666666667,14.5
Niger-Congo,Mumuye,9,11.66666667
Niger-Congo,Mpongwe,-1.25,9.5
Niger-Congo,Mooré,12.83333333,-1.25
Niger-Congo,Mongo,0,21
Niger-Congo,Mondunga,2.25,21.5
Niger-Congo,Mituku,-1.666666667,25.5
Niger-Congo,Mbum,7.75,13.16666667
Niger-Congo,Mbosi,-1.25,15.5
Niger-Congo,Mbole,-0.666666667,24.66666667
Niger-Congo,Mbodomo,4.5,15.5
Niger-Congo,Mbili,6.116666667,10.2
Niger-Congo,Mbere,-0.5,14
Niger-Congo,Mbe',6.283333333,11.08333333
Niger-Congo,Mbalanhu,-17.5,15
Niger-Congo,Mba,1,25
Niger-Congo,Mayogo,3,29
Niger-Congo,Matuumbi,-8.5,39
Niger-Congo,Mankon,6,10.16666667
Niger-Congo,Mankanya,12.08333333,-15.91666667
Niger-Congo,Manjaku,12,-16.25
Niger-Congo,Mampruli,10.33333333,-0.666666667
Niger-Congo,Mambwe,-9.083333333,31.16666667
Niger-Congo,Mambila,6.75,11.5
Niger-Congo,Mambai,9.666666667,14
Niger-Congo,Makua,-15,38.66666667
Niger-Congo,Makonde,-11,40
Niger-Congo,Makaa,3.416666667,12.25
Niger-Congo,Mada (in Nigeria),8.75,8.25
Niger-Congo,Ma,3.5,28
Niger-Congo,Lyele,12.5,-2.666666667
Niger-Congo,Luyia,0.416666667,34.5
Niger-Congo,Luvale,-12,22
Niger-Congo,Lunda,-10.66666667,24
Niger-Congo,Luganda,0.5,32.16666667
Niger-Congo,Lucazi,-14,20
Niger-Congo,Lua,9.75,17.75
Niger-Congo,Lozi,-17.83333333,26
Niger-Congo,Londo,5,9.166666667
Niger-Congo,Lobi,10.5,-3.25
Niger-Congo,Lingala,2,18.5
Niger-Congo,Linda,6.5,20.75
Niger-Congo,Lelemi,7.333333333,0.5
Niger-Congo,Leggbó,6,8
Niger-Congo,Lega,-2.833333333,27.16666667
Niger-Congo,Lebeo,1.75,25
Niger-Congo,Langi,-4.5,36
Niger-Congo,Lamnso',6.166666667,10.75
Niger-Congo,Lamba,-13,28
Niger-Congo,Kwangali,-18,19.5
Niger-Congo,Kposo,7.5,0.833333333
Niger-Congo,Kpan,7.583333333,10.16666667
Niger-Congo,Kosop,9.916666667,15.91666667
Niger-Congo,Koromfe,14.25,-0.916666667
Niger-Congo,Konyagi,12.5,-13.25
Niger-Congo,Konni,10.25,-1.583333333
Niger-Congo,Konkomba,10,0.083333333
Niger-Congo,Kongo,-5,15
Niger-Congo,Kom,6.25,10.33333333
Niger-Congo,Kohumono,6,8.116666667
Niger-Congo,Koh (Lakka),8,15.5
Niger-Congo,Ko (Winye),11.86666667,-2.916666667
Niger-Congo,Klao,4.75,-8.75
Niger-Congo,Kisi (Southern),8.5,-10.25
Niger-Congo,Kisi,8.833333333,-10.16666667
Niger-Congo,Kirma,10.25,-4.833333333
Niger-Congo,Kinyarwanda,-2,30
Niger-Congo,Kinga,-9,34
Niger-Congo,Kiluba,-8,26
Niger-Congo,Kikuyu,-0.75,36.75
Niger-Congo,Kete,-7,22.83333333
Niger-Congo,Kenyang,5.666666667,9.5
Niger-Congo,Kàsim,11,-1.333333333
Niger-Congo,Kasem,11.25,-1.25
Niger-Congo,Karanga,-20,31
Niger-Congo,Kanyok,-7.333333333,23.58333333
Niger-Congo,Kana,4.75,7.416666667
Niger-Congo,Kami,-6.75,38
Niger-Congo,Kamba,-1.5,38
Niger-Congo,Kalanga,-20.5,27.5
Niger-Congo,Kagulu,-6.333333333,37
Niger-Congo,Kagoma,9.25,8.166666667
Niger-Congo,Kabiyé,9.666666667,1.166666667
Niger-Congo,Jukun,6.916666667,10.41666667
Niger-Congo,Jarawa (in Nigeria),9.5,10.5
Niger-Congo,Izi,6.333333333,8
Niger-Congo,Iwoyo,-5.5,12.25
Niger-Congo,Isoko,5.5,6.25
Niger-Congo,Isekiri,5.666666667,5.5
Niger-Congo,Ila,-15.58333333,26.5
Niger-Congo,Igede,7,8.166666667
Niger-Congo,Igbo,6,7.333333333
Niger-Congo,Ifumu,-3.666666667,15.33333333
Niger-Congo,Idoma,6.916666667,7.5
Niger-Congo,Ibibio,5.25,7.833333333
Niger-Congo,Hunde,-1.166666667,28.83333333
Niger-Congo,Holoholo,-5.166666667,29.91666667
Niger-Congo,Herero,-20.58333333,19
Niger-Congo,Hemba,-6.25,27.16666667
Niger-Congo,Hehe,-8,36
Niger-Congo,Haya,-2,31.5
Niger-Congo,Gworok,9.916666667,8.166666667
Niger-Congo,Gwari,9.5,7
Niger-Congo,Gusii,-0.75,34.83333333
Niger-Congo,Gurma (Togo),10.75,0.666666667
Niger-Congo,Gurma,12.25,1
Niger-Congo,Gurenne,10.83333333,-0.916666667
Niger-Congo,Gunu,4.583333333,11.25
Niger-Congo,Gungbe,6.5,2.5
Niger-Congo,Gula Iro,10.25,19.41666667
Niger-Congo,Guere,6.666666667,-7.75
Niger-Congo,Grebo,5,-8
Niger-Congo,Gola,7.25,-10.83333333
Niger-Congo,Gokana,4.583333333,7.333333333
Niger-Congo,Godié,5.416666667,-5.833333333
Niger-Congo,Ghotuo,7.083333333,5.75
Niger-Congo,Gbeya Bossangoa,6.666666667,17.5
Niger-Congo,Gbaya Kara,6,15
Niger-Congo,Gade,8.666666667,7.416666667
Niger-Congo,Gã,5.666666667,-0.166666667
Niger-Congo,Fyem,9.583333333,9.333333333
Niger-Congo,Fulfulde (Maasina),15,-5
Niger-Congo,Fulani (Gombe),10.25,11.25
Niger-Congo,Fula (Senegal),15,-14
Niger-Congo,Fula (Nigerian),8.166666667,10.5
Niger-Congo,Fula (Mauritanian),16.5,-13.75
Niger-Congo,Fula (Guinean),11.5,-12.5
Niger-Congo,Fula (Cameroonian),9.166666667,13.5
Niger-Congo,Fula (Burkina Faso),14,0
Niger-Congo,Ful (Liptako),13.5,0.5
Niger-Congo,Fongbe,6.416666667,2.166666667
Niger-Congo,Fiote,-5.5,14
Niger-Congo,Fe'fe',5.25,10.16666667
Niger-Congo,Ewondo,4,12
Niger-Congo,Ewe (Anglo),6,1
Niger-Congo,Ewe,6.333333333,0.416666667
Niger-Congo,Etsako,7.25,6.5
Niger-Congo,Enya,-0.5,25.25
Niger-Congo,Engenni,5.166666667,6.383333333
Niger-Congo,Emai,7.083333333,5.916666667
Niger-Congo,Ekoti,-16.5,39.5
Niger-Congo,Ejagham,5.416666667,8.666666667
Niger-Congo,Ega,5.5,-5.5
Niger-Congo,Efik,4.916666667,8.5
Niger-Congo,Ebira,8.166666667,7
Niger-Congo,Dyimini,8.416666667,-4.416666667
Niger-Congo,Duma,-0.95,13
Niger-Congo,Duka,11.16666667,5.083333333
Niger-Congo,Duala,4,9.416666667
Niger-Congo,Doyayo,8.666666667,13.08333333
Niger-Congo,Dongo,3,30
Niger-Congo,Doko,3,23.08333333
Niger-Congo,Diola-Kasa,12.5,-16.75
Niger-Congo,Diola-Fogny,13,-16.25
Niger-Congo,Ding,-4.333333333,19.5
Niger-Congo,Degema,4.75,6.75
Niger-Congo,Day,8.75,17.83333333
Niger-Congo,Dagbani,9.583333333,-0.5
Niger-Congo,Dagaare,10.5,-2.666666667
Niger-Congo,Dadjriwalé,5.25,-5.666666667
Niger-Congo,Dabida,-4,38.66666667
Niger-Congo,Comorian,-12,44
Niger-Congo,CiLuba,-6,22
Niger-Congo,Chumburung,7.75,0.25
Niger-Congo,Chichewa,-14,34
Niger-Congo,Chaga,-3,37
Niger-Congo,Bushoong,-4.5,21.5
Niger-Congo,Bulu,3,11
Niger-Congo,Buli (in Ghana),10.5,-1.25
Niger-Congo,Bukusu,0.75,34.66666667
Niger-Congo,Bujeba,3,10.16666667
Niger-Congo,Budu,2,28
Niger-Congo,Bubi,3.5,8.666666667
Niger-Congo,Bolia,-1.25,18.33333333
Niger-Congo,Bobangi,-1.333333333,17.33333333
Niger-Congo,Birom,9.666666667,8.833333333
Niger-Congo,Bira,1,28.75
Niger-Congo,Bini,6.416666667,5.833333333
Niger-Congo,Bimoba,10.5,0
Niger-Congo,Biafada,11.41666667,-15.16666667
Niger-Congo,Bété,6.25,-6.25
Niger-Congo,Benga,1.166666667,9.416666667
Niger-Congo,Bena-Lulua,-6,21
Niger-Congo,Bemba,-10,28.25
Niger-Congo,Beembe,-3.916666667,14.08333333
Niger-Congo,Baule,7,-5
Niger-Congo,Basari,12.66666667,-13
Niger-Congo,Basaá,3.916666667,10.5
Niger-Congo,Bariba,10,2.5
Niger-Congo,Barambu,3.5,27
Niger-Congo,Bankon,4.416666667,9.583333333
Niger-Congo,Bamun,5.5,10.91666667
Niger-Congo,Balanta,12.25,-15.33333333
Niger-Congo,Bakundu,4.833333333,9.333333333
Niger-Congo,Bakueri,4.25,9.25
Niger-Congo,Baka (in Cameroon),2.583333333,13.58333333
Niger-Congo,Baga Sitemu,10.5,-14.5
Niger-Congo,Bafut,6.25,9.916666667
Niger-Congo,Bafia,5,11.16666667
Niger-Congo,Babungo,6.116666667,10.41666667
Niger-Congo,Babole,1.083333333,17.25
Niger-Congo,Avikam,5.166666667,-5.5
Niger-Congo,Avatime,6.833333333,0.416666667
Niger-Congo,Anyi,7,-3.5
Niger-Congo,Anufo,10.08333333,0.25
Niger-Congo,Amo,10.33333333,8.666666667
Niger-Congo,Alladian,5.166666667,-4.333333333
Niger-Congo,Akwa,10.08333333,6.333333333
Niger-Congo,Akan,6.5,-1.25
Niger-Congo,Aka,2.666666667,16.25
Niger-Congo,Ajagbe,7,1.75
Niger-Congo,Aizi,5.25,-4.5
Niger-Congo,Aghem,6.666666667,10
Niger-Congo,Adioukrou,5.416666667,-4.583333333
Niger-Congo,Abidji,5.666666667,-4.583333333
Korean,Korean,37.5,128
Japanese,Shuri,26.5,127.5
Japanese,Japanese,37,140
Indo-European,Zazaki,39,41
Indo-European,Yiddish (Lodz),51.75,19.41666667
Indo-European,Yiddish (Lithuanian),55,25
Indo-European,Yiddish (Bessarabian),47,28.5
Indo-European,Yiddish,52,23
Indo-European,Yazgulyam,38.5,71.5
Indo-European,Yaghnobi,39,69
Indo-European,Welsh (Colloquial),52.75,-3.5833
Indo-European,Welsh,52,-3
Indo-European,Wakhi,36.5,72
Indo-European,Waigali,35,71.25
Indo-European,Vedda,7,81
Indo-European,Vasavi,24.5,71.5
Indo-European,Vafsi,34.66666667,49.91666667
Indo-European,Urdu,25,67
Indo-European,Ukrainian,49,33
Indo-European,Torwali,34.25,72
Indo-European,Tati (Southern),36,49.66666667
Indo-European,Tat (Muslim),41.25,48.75
Indo-European,Talysh (Southern),37,49
Indo-European,Talysh (Azerbaijan),38.75,48.66666667
Indo-European,Tajik,38.66666667,70
Indo-European,Swedish (Västerbotten),64.25,19.75
Indo-European,Swedish,60,15
Indo-European,Spanish (Canary Islands),28,-15.58333333
Indo-European,Spanish,40,-4
Indo-European,Sorbian (Upper),51.83333333,14.5
Indo-European,Sorbian (Lower),51.75,14.33333333
Indo-European,Sorbian,51.5,14
Indo-European,Slovincian,54,16
Indo-European,Slovene,46,15
Indo-European,Slovak,49,20
Indo-European,Sinhala,7,80.5
Indo-European,Sindhi,26,69
Indo-European,Shina,36,74
Indo-European,Shekhawati,28,75.5
Indo-European,Serbian-Croatian,44,19
Indo-European,Savi,35,71.5
Indo-European,Sardinian,40,9
Indo-European,Russian,56,38
Indo-European,Rushan,38.16666667,71.5
Indo-European,Romansch (Sursilvan),46.66666667,8.833333333
Indo-European,Romansch (Surmeiran),46.58333333,9.75
Indo-European,Romansch (Scharans),46.75,9.5
Indo-European,Romansch,46.66666667,9.166666667
Indo-European,Romanian,46,25
Indo-European,Romani (Welsh),52,-4
Indo-European,Romani (North Russian),60,38
Indo-European,Romani (Lovari),47,21.5
Indo-European,Romani (Kalderash),45,21
Indo-European,Romani (Burgenland),47.5,16.5
Indo-European,Romani (Bugurdzi),42.66666667,21.16666667
Indo-European,Romani (Ajia Varvara),38,23.58333333
Indo-European,Provençal,44,6
Indo-European,Prasuni,35.5,71
Indo-European,Portuguese,39,-8
Indo-European,Polish,52,20
Indo-European,Polabian,51,12.83333333
Indo-European,Persian,32,54
Indo-European,Pashto,33,67
Indo-European,Panjabi,31,74
Indo-European,Ossetic,43,44
Indo-European,Ormuri,32.5,69.75
Indo-European,Oriya (Kotia),18.33333333,83
Indo-European,Oriya,21,85
Indo-European,Occitan,44,2
Indo-European,Norwegian,61,8
Indo-European,Nepali,28,85
Indo-European,Moldavian,47,29
Indo-European,Mazanderani,36.5,52
Indo-European,Mawchi,21.33333333,73.66666667
Indo-European,Marathi,19,76
Indo-European,Manx,54.16666667,-4.5
Indo-European,Maithili,26,86
Indo-European,Magahi,23.5,85.5
Indo-European,Macedonian,41.66666667,21.75
Indo-European,Luxemburgeois,49.83333333,6.166666667
Indo-European,Luri,33.5,48.5
Indo-European,Low German,53,10
Indo-European,Lithuanian,55,24
Indo-European,Latvian,57,24
Indo-European,Lamani,17,77
Indo-European,Ladino,40,33
Indo-European,Ladin,46.58333333,11.91666667
Indo-European,Kurmanji,38,42
Indo-European,Kurdish (Central),36,44
Indo-European,Kumauni,30,80
Indo-European,Konkani,15.25,74
Indo-European,Koluri,37,48
Indo-European,Kokni,20.75,73.5
Indo-European,Khowar,36,72
Indo-European,Kati (in Afghanistan),35.5,70
Indo-European,Kashubian,54,18
Indo-European,Kashmiri,34,76
Indo-European,Kalasha,35,72
Indo-European,Kalami,35.5,72.5
Indo-European,Kabatei,36.75,49.41666667
Indo-European,Italian (Turinese),45,7.666666667
Indo-European,Italian (Napolitanian),40.91666667,14.25
Indo-European,Italian (Genoa),44.41666667,8.95
Indo-European,Italian (Fiorentino),43.75,11.25
Indo-European,Italian (Bologna),44.5,11.33333333
Indo-European,Italian,43,12
Indo-European,Ishkashmi,37,72
Indo-European,Irish (Munster),52.5,-9
Indo-European,Irish (Donegal),55,-8
Indo-European,Irish,53,-8
Indo-European,Icelandic,65,-17
Indo-European,Hindi,25,77
Indo-European,Hawrami,35.75,45.5
Indo-European,Halbi,21,81
Indo-European,Gujarati,23,72
Indo-European,Greek (Modern),39,22
Indo-European,Greek (Cypriot),34.75,33
Indo-European,Gojri,32.75,76.25
Indo-European,Gilaki,37.33333333,50
Indo-European,German (Zurich),47.41666667,8.5
Indo-European,German (Westphalian),52,7.5
Indo-European,German (Viennese),48.16666667,16.33333333
Indo-European,German (Upper Austrian),47,14
Indo-European,German (Timisoara),45.75,21.25
Indo-European,German (Thuringian),51,11
Indo-European,German (Thurgau),47.58333333,9.166666667
Indo-European,German (Ripuarian),51,7
Indo-European,German (Ostschweiz),47.41666667,9.25
Indo-European,German (Mansfeldisch),51.58333333,11.5
Indo-European,German (Hannover),52.41666667,9.666666667
Indo-European,German (Bern),47,7.416666667
Indo-European,German (Berlin),52.5,13.33333333
Indo-European,German (Bavarian),49,11.5
Indo-European,German (Appenzell),47.33333333,9.333333333
Indo-European,German,52,10
Indo-European,Galician,43,-8
Indo-European,Gaelic (Scots),57,-4
Indo-European,Frisian (Western),53,6
Indo-European,Frisian (North),54.5,9
Indo-European,Frisian (Eastern),53.58333333,7.5
Indo-European,Frisian,53,5
Indo-European,French,48,2
Indo-European,Faroese,62,-7
Indo-European,English,52,0
Indo-European,Dutch (Zeeuws),51.5,3.75
Indo-European,Dutch (Limburg),51,5.5
Indo-European,Dutch (Brabantic),50.75,4.5
Indo-European,Dutch,52.5,6
Indo-European,Dumaki,36.16666667,74
Indo-European,Domari,32,35
Indo-European,Dogri,33,75
Indo-European,Dhivehi,4.166666667,73.5
Indo-European,Dari,35,66
Indo-European,Darai,24,84
Indo-European,Danish,56,10
Indo-European,Czech,50,15
Indo-European,Cornish,50.33333333,-5
Indo-European,Catalan,41.75,2
Indo-European,Bulgarian,42.5,25
Indo-European,Brokskat,35.33333333,76.5
Indo-European,Breton,48,-3
Indo-European,Bosnian,43,18
Indo-European,Bhojpuri,26,84
Indo-European,Bhili,22,73
Indo-European,Bengali (Chittagong),22.33333333,91.83333333
Indo-European,Bengali,24,90
Indo-European,Belorussian,54,28
Indo-European,Baluchi,28,62
Indo-European,Bagri,29.58333333,74.33333333
Indo-European,Awadhi,27.5,81.5
Indo-European,Asturian,43.25,-6
Indo-European,Assamese,26,93
Indo-European,Armenian (Western),38.5,43.5
Indo-European,Armenian (Iranian),32.66666667,51.66666667
Indo-European,Armenian (Eastern),40,45
Indo-European,Alsatian,48.5,7.5
Indo-European,Albanian,41,20
Indo-European,Afrikaans,-31,22
Dravidian,Tulu,12.75,75.33333333
Dravidian,Toda,11.41666667,76.75
Dravidian,Telugu,16,79
Dravidian,Tamil (Spoken),11,78
Dravidian,Tamil,11,78.5
Dravidian,Pengo,19.83333333,83.83333333
Dravidian,Parji (Dravidian),19.5,82.5
Dravidian,Malto,25,87.33333333
Dravidian,Malayalam,10,76.5
Dravidian,Kuvi,18.75,82.66666667
Dravidian,Kurukh,22.83333333,85.5
Dravidian,Kui (in India),20,83.5
Dravidian,Koya,17.5,81.33333333
Dravidian,Kota,11.5,77.16666667
Dravidian,Konda,19.5,83
Dravidian,Kolami,20,78.5
Dravidian,Kodava,12.16666667,76.83333333
Dravidian,Kannada,14,76
Dravidian,Gondi,19,81
Dravidian,Gadaba (Kondekor),18.75,83.5
Dravidian,Brahui,28.5,67
Dravidian,Betta Kurumba,11.5,76.75
Dravidian,Badaga,11.66666667,76.75
Austronesian,Yapese,9.583333333,138.1666667
Austronesian,Yami,22,121.5
Austronesian,Yamdena,-7.5,131.5
Austronesian,Yakan,6.5,122
Austronesian,Xârâcùù,-21.66666667,166
Austronesian,Wolio,-5.5,122.75
Austronesian,Woleaian,7.333333333,143.8333333
Austronesian,Wetan,-8.166666667,128
Austronesian,Wedau,-10.16666667,150.1666667
Austronesian,Waropen,-2.333333333,136.5833333
Austronesian,Warembori,-1.666666667,137.5833333
Austronesian,Waray-Waray,12,125
Austronesian,Wallisian,-13.3,-176.2
Austronesian,Vinmavis,-16.16666667,167.4166667
Austronesian,Urak Lawoi',8,98.33333333
Austronesian,Ura,-18.66666667,169.0833333
Austronesian,Uma,-1.833333333,120
Austronesian,Ulithian,9.916666667,139.5833333
Austronesian,Tuvaluan,-8.5,179.1666667
Austronesian,Tungak,-2.55,150.25
Austronesian,Tumleo,-3.083333333,142.4166667
Austronesian,Tukang Besi,-5.5,123.5
Austronesian,Tugun,-7.716666667,126.75
Austronesian,Tuamotuan,-17,-144
Austronesian,Tsou,23.5,120.75
Austronesian,Tsat,18.25,109.5
Austronesian,Toratán,1.083333333,124.8333333
Austronesian,Toraja,-3,119.75
Austronesian,Toqabaqita,-8.416666667,160.5833333
Austronesian,Tontemboan,1.083333333,124.5
Austronesian,Tongan,-21.16666667,-175.1666667
Austronesian,Tondano,1.25,125
Austronesian,Tolai,-4.25,152.0833333
Austronesian,Tokelauan,-9,-172
Austronesian,Tobati,-2.583333333,140.6666667
Austronesian,Tiruray,6.75,124.1666667
Austronesian,Tinrin,-21.66666667,165.75
Austronesian,Timugon,5,116
Austronesian,Timorese,-9.666666667,124.5
Austronesian,Tigak,-2.716666667,150.8
Austronesian,Thao,23.88333333,120.9166667
Austronesian,Tetun Dili,-8.583333333,125.5833333
Austronesian,Tetun,-9,126
Austronesian,Teop,-5.666666667,155
Austronesian,Tboli,6.166666667,124.5
Austronesian,Tawala,-10.33333333,150.6666667
Austronesian,Tausug,6,121
Austronesian,Tatana',5.5,115.5
Austronesian,Tarangan (West),-6.5,134.1666667
Austronesian,Tanna (Southwest),-19.56666667,169.3333333
Austronesian,Tangga,-3.466666667,153.2
Austronesian,Tamabo,-15.66666667,167.1666667
Austronesian,Talaud,4.25,126.75
Austronesian,Takia,-4.666666667,146
Austronesian,Taiof,-5.533333333,154.6333333
Austronesian,Tahitian,-17.66666667,-149.5833333
Austronesian,Tagbanwa (Aborlan),9.5,118.5
Austronesian,Tagalog,15,121
Austronesian,Taba,0,127.5
Austronesian,Sursurunga,-4,152.7666667
Austronesian,Sundanese,-7,107
Austronesian,Sudest,-11.5,153.45
Austronesian,Southeast Ambrym,-16.3,168.2166667
Austronesian,Sonsorol-Tobi,5.333333333,132.25
Austronesian,Sobei,-1.916666667,138.75
Austronesian,Sisiqa,-7,156.8333333
Austronesian,Siraya,23,120.25
Austronesian,Sio,-5.95,147.3333333
Austronesian,Sinaugoro,-9.833333333,147.8333333
Austronesian,Simeulue,2.5,96.25
Austronesian,Sikule,2.666666667,96
Austronesian,Sika,-8.7,122.25
Austronesian,Siar,-4.666666667,152.9166667
Austronesian,Semandang,-0.75,110.5
Austronesian,Selayar,-6,120.5
Austronesian,Selaru,-8.2,131
Austronesian,Seediq,24.16666667,121.4166667
Austronesian,Sawu,-11.5,121.9166667
Austronesian,Sawai,0.5,128
Austronesian,Sangir,3.5,125.5
Austronesian,Samoan,-13.91666667,-171.8333333
Austronesian,Sama (Southern),4.5,118.5
Austronesian,Sama (Balangingi),6.166666667,121.8333333
Austronesian,Saliba (in Papua New Guinea),-10.58333333,150.7166667
Austronesian,Sakao,-15.16666667,167.0833333
Austronesian,Sa'ban,3.666666667,115.6666667
Austronesian,Sa'a,-9.616666667,161.45
Austronesian,Rukai (Tanan),22.83333333,120.8333333
Austronesian,Roviana,-8.25,157.3333333
Austronesian,Rotuman,-12.5,177.0666667
Austronesian,Roti,-10.66666667,123.25
Austronesian,Roro,-8.75,146.5833333
Austronesian,Roglai (Northern),12.16666667,108.8333333
Austronesian,Rennellese,-11.61666667,160.25
Austronesian,Rejang,-3.416666667,102.5
Austronesian,Rapanui,-27.11666667,-109.3666667
Austronesian,Raga,-15.5,168.1666667
Austronesian,Rade,13,108.5
Austronesian,Puluwat,7.333333333,149.3333333
Austronesian,Pulopetak,1.416666667,109.8333333
Austronesian,Port Sandwich,-16.5,167.75
Austronesian,Pohnpeian,6.883333333,158.25
Austronesian,Po-Ai,-20.66666667,164.8333333
Austronesian,Pingilapese,6.216666667,160.7
Austronesian,Pileni,-10.21666667,166.2166667
Austronesian,Paulohi,-3.25,128.75
Austronesian,Patpatar,-3.766666667,152.5
Austronesian,Patep,-6.916666667,146.5833333
Austronesian,Pangasinan,15.91666667,120.3333333
Austronesian,Pamona,-1.75,120.8333333
Austronesian,Palauan,7.5,134.5833333
Austronesian,Paiwan,22.5,120.8333333
Austronesian,Paita,-22.08333333,166.5
Austronesian,Padoe,-2.333333333,121.3333333
Austronesian,Paamese,-16.5,168.25
Austronesian,Oloh Mangtangai,-0.833333333,113
Austronesian,Nyelâyu,-20.33333333,164.3333333
Austronesian,Nukuoro,3.833333333,154.9166667
Austronesian,Nuaulu,-3.25,129.1666667
Austronesian,Niuean,-19.05,-170.1166667
Austronesian,Niuafo'ou,-15.56666667,-175.6166667
Austronesian,Nias,1,97.75
Austronesian,Nguna,-16.91666667,168.5
Austronesian,Ngad'a,-8.833333333,121
Austronesian,Nengone,-21.5,168
Austronesian,Nelemwa,-20.25,164.0833333
Austronesian,Nehan,-4.5,154.2
Austronesian,Nauruan,-0.5,166.9166667
Austronesian,Natügu,-10.78333333,165.8666667
Austronesian,Narom,4.416666667,114
Austronesian,Napu,-1.333333333,120.4166667
Austronesian,Nanumea,-5.666666667,176.1166667
Austronesian,Nambas (Big),-16.08333333,167.2
Austronesian,Nalik,-2.95,151.3333333
Austronesian,Nakanai,-5.583333333,150.5833333
Austronesian,Nadroga,-18.08333333,177.4166667
Austronesian,Mwotlap,-13.58333333,167.5833333
Austronesian,Muyuw,-9.083333333,152.75
Austronesian,Mussau,-1.45,149.6166667
Austronesian,Musom,-6.583333333,147
Austronesian,Muna,-5,122.5
Austronesian,Motu,-9.333333333,147
Austronesian,Mor,-2.95,135.75
Austronesian,Mono-Alu,-7.05,155.75
Austronesian,Mongondow,0.666666667,124
Austronesian,Mokilese,6.666666667,159.75
Austronesian,Minaveha,-9.6,150.4666667
Austronesian,Minangkabau,-1,101
Austronesian,Mentuh Tapuh,1.25,111
Austronesian,Mentawai,-1.5,99
Austronesian,Melanau,2.5,111.5
Austronesian,Mekeo,-8.333333333,146.5
Austronesian,Matukar,-4.916666667,145.75
Austronesian,Marshallese,7.116666667,171.05
Austronesian,Marquesan,-8.916666667,-140.0833333
Austronesian,Maranao,7.833333333,124.25
Austronesian,Maori,-40,176
Austronesian,Manobo (Western Bukidnon),7.666666667,124.75
Austronesian,Manggarai,-8.5,120.3333333
Austronesian,Mangap-Mbula,-5.666666667,148.0833333
Austronesian,Mandar,-3.416666667,119.0833333
Austronesian,Manam,-4,145
Austronesian,Manadonese,1.5,124.8333333
Austronesian,Mamasa,-3.083333333,119.6666667
Austronesian,Mamanwa,9.416666667,125.5
Austronesian,Maleu,-5.716666667,148.4166667
Austronesian,Malay (Ulu Muar),2.666666667,102.5
Austronesian,Malay (Kuala Lumpur),3.166666667,101.7
Austronesian,Malay,3,102
Austronesian,Malagasy,-20,47
Austronesian,Makassar,-5.416666667,119.5833333
Austronesian,Maisin,-9.5,149.1666667
Austronesian,Magindanao,6.833333333,124.5
Austronesian,Mae,-16,167.25
Austronesian,Madurese,-7,113.5
Austronesian,Ma'ya,-1.25,130.9166667
Austronesian,Ma'anyan,-2,115
Austronesian,Lusi,-5.583333333,149.6666667
Austronesian,Lun Dayeh,4,115.9166667
Austronesian,Luangiua,-5.333333333,159.4166667
Austronesian,Lou,-2.383333333,147.3166667
Austronesian,Lonwolwol,-16.21666667,168
Austronesian,Loniu,-2.066666667,147.3333333
Austronesian,Longgu,-9.75,160.6666667
Austronesian,Lewo,-16.75,168.3333333
Austronesian,Leti,-8.2,127.6666667
Austronesian,Lenakel,-19.45,169.25
Austronesian,Lauje,-0.5,120
Austronesian,Lau,-9.583333333,161.5
Austronesian,Larike,-3.75,127.9166667
Austronesian,Lampung,-5,105
Austronesian,Lamen,-16.58333333,168.1666667
Austronesian,Lamaholot,-8.25,122.9166667
Austronesian,Labu,-6.75,146.9166667
Austronesian,Kwamera,-19.58333333,169.4166667
Austronesian,Kwaio,-8.95,161
Austronesian,Kutai,-0.333333333,116.6666667
Austronesian,Kulamanen,7.75,125
Austronesian,Kosraean,5.3,163
Austronesian,Konjo,-5.466666667,120.3333333
Austronesian,Kola,-5.5,134.5
Austronesian,Kokota,-8,159.1333333
Austronesian,Kisar,-8.083333333,127.1166667
Austronesian,Kiribati,1.333333333,173
Austronesian,Kilivila,-8.5,151.0833333
Austronesian,Ketapang,-1.866666667,110
Austronesian,Kele,-2.083333333,147.0833333
Austronesian,Kelabit,3.666666667,115.4166667
Austronesian,Kela (Apoze),-7.416666667,147.0833333
Austronesian,Kei,-5.833333333,132.9166667
Austronesian,Kedang,-8.25,123.75
Austronesian,Ke'o,-8.833333333,121.25
Austronesian,Kayu Agung,-3.166666667,104.9166667
Austronesian,Kayan (Baram),3.5,114.5
Austronesian,Kaulong,-6.166666667,149.6666667
Austronesian,Karao,16.5,120.8333333
Austronesian,Kara (in Papua New Guinea),-2.833333333,151.1166667
Austronesian,Kapingamarangi,1.05,154.75
Austronesian,Kapampangan,15.33333333,120.5
Austronesian,Kankanay,16.75,120.5833333
Austronesian,Kambera,-9.833333333,120.1666667
Austronesian,Kairiru,-3.333333333,143.5833333
Austronesian,Kaili,-1.166666667,120
Austronesian,Kadazan,5.916666667,117.1666667
Austronesian,Javanese,-7,111
Austronesian,Jabêm,-6.583333333,147.7833333
Austronesian,Ivatan (Southern),20.33333333,121.8333333
Austronesian,Ivatan,20.5,122
Austronesian,Itawis,17.75,121.5
Austronesian,Isnag,18.25,121
Austronesian,Irarutu,-3,133.5
Austronesian,Indonesian (Papuan),-2.5,140.6666667
Austronesian,Indonesian (Jakarta),-6.166666667,106.75
Austronesian,Indonesian,0,106
Austronesian,Ilocano,16,121
Austronesian,Ifugao (Batad),16.83333333,121.0833333
Austronesian,Ifira-Mele,-17.75,168.25
Austronesian,Iduna,-9.333333333,150.25
Austronesian,Ibanag,17.5,121.6666667
Austronesian,Iban,2,112
Austronesian,Iaai,-20.41666667,166.5833333
Austronesian,Hoava,-8.083333333,157.5
Austronesian,Hiligaynon,10.25,123
Austronesian,Hawaiian,19.58333333,-155.5
Austronesian,Hanunóo,12.33333333,121.25
Austronesian,Halia,-5.25,154.6666667
Austronesian,Gumawana,-9.25,150.8333333
Austronesian,Gorontalo,0.5,122
Austronesian,Gela,-9.083333333,160.25
Austronesian,Gayo,4.5,97.5
Austronesian,Gapapaiwa,-9.75,149.8333333
Austronesian,Futuna-Aniwa,-19.53333333,170.2166667
Austronesian,Futuna (East),-14.33333333,-178.1666667
Austronesian,Fordata,-6.75,131.5
Austronesian,Fijian (Wayan),-17,177.3
Austronesian,Fijian,-17.83333333,178
Austronesian,Erromangan,-18.83333333,169.1666667
Austronesian,Enggano,-5.416666667,102.25
Austronesian,Embaloh,1.166666667,112.3333333
Austronesian,Efate (South),-17.75,168.4166667
Austronesian,Dumagat (Casiguran),16.33333333,122
Austronesian,Drehu,-21,167.25
Austronesian,Dobel,-6.25,134.6666667
Austronesian,Da'a,-1,119.5833333
Austronesian,Chuukese,7.333333333,151.75
Austronesian,Chru,11.5,108.5
Austronesian,Cheke Holo,-8.333333333,159.6666667
Austronesian,Chamorro,13.45,144.75
Austronesian,Cham (Western),12,105.5
Austronesian,Cham (Eastern),11.33333333,108.5
Austronesian,Cèmuhî,-20.83333333,165.1666667
Austronesian,Cebuano,10,124
Austronesian,Carolinian,15.2,145.75
Austronesian,Buru,-3.5,126.5
Austronesian,Buma,-11.63333333,166.8333333
Austronesian,Buli (in Indonesia),1,128.5
Austronesian,Bugis,-4,120
Austronesian,Bontok,17.08333333,120.9166667
Austronesian,Binukid,8.25,124.8333333
Austronesian,Bima,-8.5,118.5
Austronesian,Bilaan,6,125.3333333
Austronesian,Bikol,13.33333333,123.5
Austronesian,Biatah,1.25,110
Austronesian,Biak,-1,136
Austronesian,Begak-Ida'an,5.25,118.8333333
Austronesian,Batak (Toba),2.5,99
Austronesian,Batak (Karo),3.25,98.25
Austronesian,Batak,10.25,119.0833333
Austronesian,Bantik,1.416666667,124.75
Austronesian,Banoni,-6.416666667,155.25
Austronesian,Banggi,7.25,117.1666667
Austronesian,Banggai,-1.416666667,123.1666667
Austronesian,Bambam,-3.083333333,119.0833333
Austronesian,Balinese,-8.333333333,115.25
Austronesian,Bali-Vitu,-4.9,149.1166667
Austronesian,Balantak,-0.833333333,123.25
Austronesian,Balangao,17.16666667,121.1666667
Austronesian,Bajau (West Coast),6.333333333,116.3333333
Austronesian,Bajau (Sama),-4.333333333,123
Austronesian,Ayiwo,-10.33333333,166.25
Austronesian,Aulua,-16.33333333,167.6666667
Austronesian,Atchin,-16,167.3333333
Austronesian,Atayal,24.5,121.3333333
Austronesian,Arosi,-10.25,161.3333333
Austronesian,Arop-Lokep,-5.383333333,147.05
Austronesian,Aribwatsa,-6.716666667,147
Austronesian,Aralle-Tabulahan,-2.75,119.25
Austronesian,Araki,-15.66666667,166.9166667
Austronesian,Anejom,-20.2,169.8
Austronesian,Amis,23.33333333,121.3333333
Austronesian,Ambai,-1.833333333,136.5
Austronesian,Ambae (Lolovoli Northeast),-15.41666667,167.8833333
Austronesian,Amara,-5.666666667,148.5
Austronesian,Alune,-3,128.3333333
Austronesian,Alas,3.666666667,97.83333333
Austronesian,Ala'ala,-8.916666667,146.75
Austronesian,Aklanon,11.58333333,122.3333333
Austronesian,Ajië,-21.33333333,165.5
Austronesian,Agta (Dupaningan),18,122.0833333
Austronesian,Agta (Central),17.96666667,121.8333333
Austronesian,Adzera,-6.25,146.25
Austronesian,Acehnese,5.5,95.5
Austronesian,'Are'are,-9.25,161.1666667
Austro-Asiatic,Vietnamese,10.5,106.5
Austro-Asiatic,Temiar,5,101.5
Austro-Asiatic,Stieng,11.83333333,106.75
Austro-Asiatic,Sre,11.5,108
Austro-Asiatic,Sora,20,84.33333333
Austro-Asiatic,Semelai,3,103
Austro-Asiatic,Semai,4.333333333,101.6666667
Austro-Asiatic,Sedang,14.83333333,108
Austro-Asiatic,Sapuan,15.16666667,106.8333333
Austro-Asiatic,Santali,24.5,87
Austro-Asiatic,Rengao,14.58333333,107.8333333
Austro-Asiatic,Remo,18,82
Austro-Asiatic,Parauk,23.25,99.5
Austro-Asiatic,Palaung,22.66666667,96.66666667
Austro-Asiatic,Pacoh,16.41666667,107.0833333
Austro-Asiatic,Oi,14.83333333,107.1666667
Austro-Asiatic,Nyah Kur (Tha Pong),15.66666667,101.6666667
Austro-Asiatic,Nicobarese (Car),9,93
Austro-Asiatic,Nicobarese,7,93.83333333
Austro-Asiatic,Nancowry,8.05,93.5
Austro-Asiatic,Muong,20.5,105.0833333
Austro-Asiatic,Mundari,23,84.66666667
Austro-Asiatic,Mon,14.83333333,100.5
Austro-Asiatic,Mnong (Eastern),12.66666667,108.5
Austro-Asiatic,Mlabri (Minor),18.5,101
Austro-Asiatic,Mah Meri,2.833333333,101.5
Austro-Asiatic,Loven,15,106.3333333
Austro-Asiatic,Ksingmul,21.08333333,104
Austro-Asiatic,Korku,22.5,78.5
Austro-Asiatic,Khmu',21,102
Austro-Asiatic,Khmer,12.5,105
Austro-Asiatic,Khasi,25.5,92
Austro-Asiatic,Kharia,22.5,84.33333333
Austro-Asiatic,Katu,15.83333333,107.5833333
Austro-Asiatic,Kasong,12.75,102.1166667
Austro-Asiatic,Juang,21.33333333,86
Austro-Asiatic,Jeh,15.16666667,107.8333333
Austro-Asiatic,Jahai,5.75,101.5
Austro-Asiatic,Hre,14.66666667,108.6666667
Austro-Asiatic,Ho,22,86
Austro-Asiatic,Halang,14.5,107.5
Austro-Asiatic,Gutob,19,83.66666667
Austro-Asiatic,Cua,15.25,108.5
Austro-Asiatic,Chrau,10.75,107.5
Austro-Asiatic,Bru (Western),16.75,104.75
Austro-Asiatic,Bru (Eastern),17.33333333,106
Austro-Asiatic,Brao,14.16666667,107.5
Austro-Asiatic,Bhumij,21.33333333,86.5
Austro-Asiatic,Bahnar (Plei Bong-Mang Yang),13.83333333,108.3333333
Afro-Asiatic,Zenaga,17.33333333,-16
Afro-Asiatic,Zayse,5.916666667,37.33333333
Afro-Asiatic,Yemsa,7.833333333,37.33333333
Afro-Asiatic,Wolaytta,6.833333333,37.75
Afro-Asiatic,Uldeme,10.95,14.11666667
Afro-Asiatic,Tumak,9.5,17.33333333
Afro-Asiatic,Tuareg (Ghat),25,10.16666667
Afro-Asiatic,Tuareg (Air),19,9
Afro-Asiatic,Tuareg (Ahaggar),23,6
Afro-Asiatic,Tigrinya,14.5,38.5
Afro-Asiatic,Tigré (Beni Amer),15.5,38
Afro-Asiatic,Tigré,16.5,38.5
Afro-Asiatic,Tera,11,11.83333333
Afro-Asiatic,Tashlhiyt,31,-5
Afro-Asiatic,Tangale,9.75,11.33333333
Afro-Asiatic,Tamashek,20,-2
Afro-Asiatic,Soqotri,12.5,54
Afro-Asiatic,Somali,3,45
Afro-Asiatic,Soddo,8.5,38.5
Afro-Asiatic,Sidaama,6.666666667,38.5
Afro-Asiatic,Shinassha,10.41666667,36.16666667
Afro-Asiatic,Saho,14.75,39.75
Afro-Asiatic,Ron,9,8.75
Afro-Asiatic,Rendille,2,37.5
Afro-Asiatic,Qafar,12,42
Afro-Asiatic,Podoko,11,14.08333333
Afro-Asiatic,Pero,9.583333333,11
Afro-Asiatic,Pa'a,11,9.25
Afro-Asiatic,Oromo (West-Central),9,37
Afro-Asiatic,Oromo (Waata),-3.333333333,39.83333333
Afro-Asiatic,Oromo (Harar),9,42
Afro-Asiatic,Oromo (Boraana),4.5,38.5
Afro-Asiatic,Ngizim,12.08333333,10.91666667
Afro-Asiatic,Neo-Aramaic (Persian Azerbaijan),38,47
Afro-Asiatic,Neo-Aramaic (Assyrian),36,41
Afro-Asiatic,Neo-Aramaic (Arbel Jewish),31.75,35
Afro-Asiatic,Neo-Aramaic (Amadiya),37,43
Afro-Asiatic,Musgu,10.83333333,14.91666667
Afro-Asiatic,Mupun,9.5,8.833333333
Afro-Asiatic,Muher,8.166666667,38.16666667
Afro-Asiatic,Mokilko,11.91666667,18.08333333
Afro-Asiatic,Mofu-Gudur,10.5,14
Afro-Asiatic,Moca,7.583333333,35.5
Afro-Asiatic,Miya,10.91666667,9.666666667
Afro-Asiatic,Mina,10.33333333,13.83333333
Afro-Asiatic,Migama,12.16666667,19.83333333
Afro-Asiatic,Mehri,17,51.5
Afro-Asiatic,Mbugu,-4.333333333,38.16666667
Afro-Asiatic,Mbara,11,15.41666667
Afro-Asiatic,Masa,10.5,15.5
Afro-Asiatic,Margi,11,13
Afro-Asiatic,Mandaic (Modern),31,48.5
Afro-Asiatic,Maltese,35.91666667,14.41666667
Afro-Asiatic,Malgwa,11.5,13.75
Afro-Asiatic,Mada (in Cameroon),10.83333333,14.16666667
Afro-Asiatic,Maale,6,36.91666667
Afro-Asiatic,Lele,9.083333333,15.58333333
Afro-Asiatic,Lamé,9,14.5
Afro-Asiatic,Lamang,11.25,13.58333333
Afro-Asiatic,Lagwan,11.5,14.83333333
Afro-Asiatic,Kwami,10.41666667,11
Afro-Asiatic,Kullo,6.75,37.08333333
Afro-Asiatic,Kotoko,11.33333333,15.33333333
Afro-Asiatic,Koorete,5.833333333,37.83333333
Afro-Asiatic,Kilba,10.33333333,13.16666667
Afro-Asiatic,Kera,9.833333333,15.08333333
Afro-Asiatic,Kemant,12.66666667,37.41666667
Afro-Asiatic,Kefa,7.25,36.25
Afro-Asiatic,Kanakuru,10,12
Afro-Asiatic,Kabyle,36.5,5
Afro-Asiatic,Jibbali,17.5,55
Afro-Asiatic,Iraqw,-4,35.5
Afro-Asiatic,Hebrew (Modern),31.5,34.83333333
Afro-Asiatic,Hebrew (Modern Ashkenazic),31.75,35.16666667
Afro-Asiatic,Hdi,11.86666667,13.71666667
Afro-Asiatic,Hausa,12,7
Afro-Asiatic,Harsusi,20,56.5
Afro-Asiatic,Harari,9.25,42.16666667
Afro-Asiatic,Hamer,5,36.5
Afro-Asiatic,Guduf,11.23333333,13.8
Afro-Asiatic,Gude,10.41666667,13.41666667
Afro-Asiatic,Gorowa,-4.5,36.5
Afro-Asiatic,Goemai,8.666666667,9.75
Afro-Asiatic,Giziga,10.33333333,14.16666667
Afro-Asiatic,Gimira,7,35.75
Afro-Asiatic,Gidar,10,14
Afro-Asiatic,Gamo,6.666666667,37.25
Afro-Asiatic,Ga'anda,10.33333333,12.58333333
Afro-Asiatic,Dullay (Gollango),5.5,37.25
Afro-Asiatic,Dizi,6.166666667,36.5
Afro-Asiatic,Dime,6.166666667,36.25
Afro-Asiatic,Dhaasanac,4.666666667,36.33333333
Afro-Asiatic,Dangaléat (Western),12.16666667,18.33333333
Afro-Asiatic,Dahalo,-2.333333333,40.5
Afro-Asiatic,Daba,10.16666667,13.75
Afro-Asiatic,Coptic,26,32
Afro-Asiatic,Chaldean (Modern),36,43
Afro-Asiatic,Chaha,8.112935,37.93267
Afro-Asiatic,Burunge,-5.333333333,36
Afro-Asiatic,Burji,5.5,37.83333333
Afro-Asiatic,Bura-Pabir,10.5,12.25
Afro-Asiatic,Buduma,13.5,14.5
Afro-Asiatic,Bole,11.33333333,11.25
Afro-Asiatic,Bilin,15.75,38.5
Afro-Asiatic,Bidiya,11.91666667,18.75
Afro-Asiatic,Berber (Wargla),31.91666667,5.333333333
Afro-Asiatic,Berber (Siwa),29.16666667,25.5
Afro-Asiatic,Berber (Rif),34.5,-4
Afro-Asiatic,Berber (Mzab),32.5,3.5
Afro-Asiatic,Berber (Middle Atlas),33,-5
Afro-Asiatic,Berber (Chaouia),35,7
Afro-Asiatic,Berber (Ayt Seghrouchen Middle Atlas),33.33333333,-4.666666667
Afro-Asiatic,Beja,18,36
Afro-Asiatic,Bayso,6.25,37.75
Afro-Asiatic,Bathari,18,56
Afro-Asiatic,Bana,10.41666667,13.58333333
Afro-Asiatic,Bade,12.83333333,10.5
Afro-Asiatic,Awngi,10.83333333,36.66666667
Afro-Asiatic,Arbore,5,36.75
Afro-Asiatic,Arabic (Tunisian),36.75,10.25
Afro-Asiatic,Arabic (Syrian),34,38
Afro-Asiatic,Arabic (San'ani),16,44
Afro-Asiatic,Arabic (Palestinian),32,35.25
Afro-Asiatic,Arabic (North Levantine Spoken),33.75,36
Afro-Asiatic,Arabic (Negev),30.5,34.75
Afro-Asiatic,Arabic (Moroccan),34,-6
Afro-Asiatic,Arabic (Modern Standard),25,42
Afro-Asiatic,Arabic (Lebanese),34,36
Afro-Asiatic,Arabic (Kuwaiti),29.5,47.5
Afro-Asiatic,Arabic (Kormakiti),35.25,33.5
Afro-Asiatic,Arabic (Iraqi),33,44
Afro-Asiatic,Arabic (Hijazi),26,38
Afro-Asiatic,Arabic (Gulf),26,49
Afro-Asiatic,Arabic (Egyptian),30,31
Afro-Asiatic,Arabic (Eastern Libyan),32,22
Afro-Asiatic,Arabic (Borno Nigerian),8.583333333,12.41666667
Afro-Asiatic,Arabic (Beirut),33.91666667,35.5
Afro-Asiatic,Arabic (Bani-Hassan),20,-10
Afro-Asiatic,Arabic (Bahrain),26,50.5
Afro-Asiatic,Arabic (Abbéché Chad),13.83333333,20.83333333
Afro-Asiatic,Angas,9.5,9.5
Afro-Asiatic,Amharic,10,38
Afro-Asiatic,Alagwa,-5.5,35.75
Afro-Asiatic,Aari,6,36.58333333